street,city
2 Baldwin Ave,Jersey_City
425 Egret Ln,Secaucus
410 Jefferson St #1L,Hoboken
12 Linden Ave,Jersey_City
405 2nd St #3L,Jersey_City
126 Webster Ave #2D,Jersey_City
1450 Washington St #521,Hoboken
210 Jackson St #3,Hoboken
4801 Palisade Ave #3B,Union_City
612 Jersey Ave #2,Jersey_City
124 Madison St #3L,Hoboken
384 Whimbrel Ln,Secaucus
4514 Smith Ave #4-2A,North_Bergen
40 Willow Ter,Hoboken
219 Clendenny Ave,Jersey_City
1425 Garden St #303,Hoboken
7423 Durham Ave,North_Bergen
129 Franklin St #B1,Jersey_City
212 William St,Harrison
1604 Central Ave,Union_City
503 Bloomfield St #1,Hoboken
56 Storms Ave,Jersey_City
1204 86th St,North_Bergen
1500 Hudson St #8A,Hoboken
1108 Park Ave #3R,Hoboken
305 Saint Michaels Walk,Union_City
149 Essex St #1503,Jersey_City
1602 75th St,North_Bergen
110 Grant Ave,Harrison
527 78th St,North_Bergen
88 Morgan St #2308,Jersey_City
811 Montgomery St #2L,Jersey_City
277 4th St,Jersey_City
60 Erie St #306,Jersey_City
263 Armstrong Ave,Jersey_City
187 Liberty Ave,Jersey_City
145 Sherman Ave #1R,Jersey_City
5 Crabapple Ct #52P,Jersey_City
353 Webster Ave,Jersey_City
126 Zabriskie St,Jersey_City
172 Bergen Ave,Jersey_City
203 Washington St,Jersey_City
39 Union St,Jersey_City
129 Franklin St #B1,Jersey_City
15 Warren St #421X,Jersey_City
142 Webster Ave #B1,Jersey_City
311 Washington St #11D,Jersey_City
357 Varick St #126A,Jersey_City
354 Terrace Ave,Jersey_City
77 Hudson St #1504,Jersey_City
1 Greene St #209,Jersey_City
479 Monmouth St #1,Jersey_City
136 Sherman Ave,Jersey_City
108 Sanford Pl,Jersey_City
72 Bidwell Ave,Jersey_City
45 River Dr S #2904,Jersey_City
129 Orient Ave,Jersey_City
46 Bleecker St,Jersey_City
235 North St,Jersey_City
311 Washington St #7E,Jersey_City
7400 River Rd #227,North_Bergen
162 Woodlawn Ave,Jersey_City
1450 Washington St #511,Hoboken
157 Van Horne St,Jersey_City
1461 52nd St,North_Bergen
62 Carlton Ave,Jersey_City
3515 Charles Ct,North_Bergen
449 Boulevard,Bayonne
714 9th St,Secaucus
7618 1st Ave,North_Bergen
8 Waverly St,Jersey_City
185 South St,Jersey_City
1156 50th St,North_Bergen
126 Webster Ave #1F,Jersey_City
24 Union St,Jersey_City
64 Jefferson St #64-B,Hoboken
691 3rd St,Secaucus
89 Bostwick Ave,Jersey_City
3502 Givernaud Ter,North_Bergen
30 Manhattan Ave,Jersey_City
327 Maple St,Kearny
2601 Palisade Ave #2,Union_City
9019 Wall St #2C,North_Bergen
611 Schuyler Ave,Kearny
421 Adams St #2R,Hoboken
2 Walnut St #12B,Jersey_City
207 Maple St,Weehawken
741 Park Ave #3,Hoboken
209 Hutton St,Jersey_City
307 1st St #3,Hoboken
16 Roosevelt Ter,Bayonne
111 W 4th St,Bayonne
78 Jackson St #5B,Hoboken
1 Shore Ln #1602,Jersey_City
192 Prospect Ave,Bayonne
222 Monroe St #A2RS,Hoboken
8804 1st Ave,North_Bergen
123 Harmon Cove Tower,Secaucus
4315 Newkirk Ave #17,North_Bergen
83 Bright St #4B,Jersey_City
536 28th St,Union_City
270 Harrison Ave #108,Jersey_City
120 W 22nd St,Bayonne
2600 John F Kennedy Blvd #8C,Jersey_City
89 Windsor St,Kearny
735 Harmon Plz,Secaucus
416 63rd St #14,West_New_York
90 Osprey Ct,Secaucus
312 William St,Harrison
14A Riverview Cir,North_Bergen
19 W 53rd St,Bayonne
392 New York Ave,Jersey_City
71 Griffith St,Jersey_City
1450 Washington St #210,Hoboken
1450 Washington St #614,Hoboken
1450 Washington St #620,Hoboken
22 Colonial Dr,Bayonne
118 Willow Ave #1,Hoboken
107 Kensington Ave #203A,Jersey_City
1010 Willow Ave #1,Hoboken
16 Willow Ter,Hoboken
120 32nd St #1L,Union_City
1727 41st St,North_Bergen
803 Sip St #301,Union_City
203 Belmont Ave,Jersey_City
44 Sherman Ave #2F,Jersey_City
129 Franklin St #D3,Jersey_City
165 Hickory St,Kearny
15A Claremont Ave,Jersey_City
2 Radio Ave #C24,Secaucus
207 Blue Heron Dr,Secaucus
7111 Palisade Ave #D1,North_Bergen
2208 Harmon Cove Tower,Secaucus
1 Greene St #608,Jersey_City
600 Harbor Blvd #1058,Weehawken
106 Humphrey Ave,Bayonne
3907 Hudson Ave,Union_City
56 Park St,Jersey_City
2614 Palisade Ave #1A,Weehawken
122 18th St,Union_City
12 Audubon Ave #104,Jersey_City
228 Monroe St #D2RS,Hoboken
77 Hudson St #1708,Jersey_City
206 Seaview Ave,Jersey_City
109 Winfield Ave,Jersey_City
261 Ogden Ave,Jersey_City
11 Cuneo Pl #D,Jersey_City
7 Marina Ky,Secaucus
509 Madison St #2C,Hoboken
88 Morgan St #2308,Jersey_City
811 Montgomery St #2L,Jersey_City
277 4th St,Jersey_City
60 Erie St #306,Jersey_City
263 Armstrong Ave,Jersey_City
187 Liberty Ave,Jersey_City
145 Sherman Ave #1R,Jersey_City
5 Crabapple Ct #52P,Jersey_City
353 Webster Ave,Jersey_City
126 Zabriskie St,Jersey_City
172 Bergen Ave,Jersey_City
203 Washington St,Jersey_City
39 Union St,Jersey_City
129 Franklin St #B1,Jersey_City
15 Warren St #421X,Jersey_City
142 Webster Ave #B1,Jersey_City
311 Washington St #11D,Jersey_City
357 Varick St #126A,Jersey_City
354 Terrace Ave,Jersey_City
77 Hudson St #1504,Jersey_City
1 Greene St #209,Jersey_City
479 Monmouth St #1,Jersey_City
136 Sherman Ave,Jersey_City
108 Sanford Pl,Jersey_City
72 Bidwell Ave,Jersey_City
45 River Dr S #2904,Jersey_City
129 Orient Ave,Jersey_City
46 Bleecker St,Jersey_City
235 North St,Jersey_City
311 Washington St #7E,Jersey_City
88 Morgan St #2308,Jersey_City
811 Montgomery St #2L,Jersey_City
277 4th St,Jersey_City
60 Erie St #306,Jersey_City
263 Armstrong Ave,Jersey_City
187 Liberty Ave,Jersey_City
145 Sherman Ave #1R,Jersey_City
5 Crabapple Ct #52P,Jersey_City
353 Webster Ave,Jersey_City
126 Zabriskie St,Jersey_City
172 Bergen Ave,Jersey_City
203 Washington St,Jersey_City
39 Union St,Jersey_City
129 Franklin St #B1,Jersey_City
15 Warren St #421X,Jersey_City
142 Webster Ave #B1,Jersey_City
311 Washington St #11D,Jersey_City
357 Varick St #126A,Jersey_City
354 Terrace Ave,Jersey_City
77 Hudson St #1504,Jersey_City
1 Greene St #209,Jersey_City
479 Monmouth St #1,Jersey_City
136 Sherman Ave,Jersey_City
108 Sanford Pl,Jersey_City
72 Bidwell Ave,Jersey_City
45 River Dr S #2904,Jersey_City
129 Orient Ave,Jersey_City
46 Bleecker St,Jersey_City
235 North St,Jersey_City
311 Washington St #7E,Jersey_City
